plateforme,prenom,nom,pays,note,date,commentaire
Booking,Olivier,,Luxembourg,10,2025-07-14,Environnement proche d'un étang dans la nature et propreté du tiny house.
Booking,Julie,,France,10,2025-07-01,L'endroit est top ! Les proprios sont très sympathiques. Le logement correspond à la description.
Booking,Thierry,,France,10,2025-06-10,Superbe logis idéalement situé au bord de l’eau avec tout le confort et beaucoup de charme.
Airbnb,Marie,,France,10,2025-06-10,"On a adoré, tout est pensé pour le confort."
Airbnb,Lucas,,Espagne,10,2025-06-05,Cadre magnifique et logement très propre.
Booking,Sébastien,,France,9,2025-06-05,Le cadre et surtout la discrétion du propriétaire qui ne nous a pas sauté dessus.
Airbnb,Anna,,Pays-Bas,10,2025-05-31,"Un séjour parfait, très calme et reposant."
Airbnb,Omar,,Italie,10,2025-05-26,Propreté irréprochable et hôtes attentionnés.
Booking,Julie,,France,10,2025-05-25,"Propriétaires très accueillants, le cadre est magnifique. Le logement est très bien équipé, et le départ jusqu'à 13h est vraiment très appréciable."
Airbnb,Zoe,,Luxembourg,10,2025-05-21,Un vrai havre de paix.
Airbnb,Ethan,,Suisse,10,2025-05-16,"Expérience incroyable, je recommande à 100%."
Booking,Mélanie,,Belgique,10,2025-05-14,Bonne communication et accès facile. Studio très bien équipé dans un cadre verdoyant et calme.
Airbnb,Eva,,Belgique,10,2025-05-11,Endroit magique au bord de l’eau.
Airbnb,Mia,,Allemagne,10,2025-05-06,Petit cocon très bien équipé.
Airbnb,Lena,,France,10,2025-05-01,Idéal pour un week-end en amoureux.
Airbnb,Noah,,Espagne,10,2025-04-26,Accueil chaleureux et emplacement idyllique.
Booking,Fernando,,France,8,2025-04-25,"Accueil chaleureux, emplacement superbe, hélas moins agréable en hiver à cause de l'humidité."
Airbnb,Lou,,Pays-Bas,10,2025-04-21,"On a adoré, tout est pensé pour le confort."
Booking,Jimenez,Stephanie,France,9,2025-04-18,"Logement atypique très bien agencé, tout y est. Situation exceptionnelle au bord de la rivière, au calme."
Airbnb,Felix,,Italie,10,2025-04-16,Cadre magnifique et logement très propre.
Airbnb,Julia,,Luxembourg,10,2025-04-11,"Un séjour parfait, très calme et reposant."
Booking,Stephanie,,France,10,2025-04-10,"Emplacement au calme. Équipement complet, spacieux et très propre."
Airbnb,Maxime,,Suisse,10,2025-04-06,Propreté irréprochable et hôtes attentionnés.
Booking,Samira,,France,10,2025-04-02,La tiny house est vraiment confortable. On ressent vraiment l'amour du propriétaire dans les détails.
Airbnb,Nora,,Belgique,10,2025-04-01,Un vrai havre de paix.
Booking,Dominique,,France,10,2025-03-30,Endroit rêvé pour se ressourcer. Vue plongeante sur la rivière depuis la terrasse.
Airbnb,Nils,,Allemagne,10,2025-03-27,"Expérience incroyable, je recommande à 100%."
Airbnb,Emma,,France,10,2025-03-22,Endroit magique au bord de l’eau.
Booking,Virginie,,France,10,2025-03-19,Superbe logement. Tout le confort dans cette tiny house dans un cadre magnifique.
Airbnb,Mateo,,Espagne,10,2025-03-17,Petit cocon très bien équipé.
Booking,Alessia,,Italie,9,2025-03-12,Structure propre et très belle salle de bain avec douche hydromassage.
Airbnb,Tina,,Pays-Bas,10,2025-03-12,Idéal pour un week-end en amoureux.
Airbnb,Jonas,,Italie,10,2025-03-07,Accueil chaleureux et emplacement idyllique.
Booking,Soso55,,France,10,2025-03-02,Parfait. Calme au bord de l'eau. Il ne manque absolument rien. Très propre et notre hôte très gentil.
Airbnb,Laura,,Luxembourg,10,2025-03-02,"On a adoré, tout est pensé pour le confort."
Airbnb,Mark,,Suisse,10,2025-02-25,Cadre magnifique et logement très propre.
Airbnb,Ella,,Belgique,10,2025-02-20,"Un séjour parfait, très calme et reposant."
Booking,Simon,,France,9,2025-02-17,"Nous sommes restés qu’une seule nuit, mais tout l’équipement à disposition, cosy et propre."
Airbnb,Leo,,Allemagne,10,2025-02-15,Propreté irréprochable et hôtes attentionnés.
Airbnb,Chloe,,France,10,2025-02-10,Un vrai havre de paix.
Airbnb,Hugo,,Espagne,10,2025-02-05,"Expérience incroyable, je recommande à 100%."
Booking,Delecluse,,France,10,2025-02-02,"Nous avons tout aimé, la Tiny House au top, très propre, avec ce qu'il faut pour passer de bons moments."
Airbnb,Nina,,Pays-Bas,10,2025-01-31,Endroit magique au bord de l’eau.
Airbnb,Alex,,Italie,10,2025-01-26,Petit cocon très bien équipé.
Booking,Florence,,France,10,2025-01-22,"Très bon emplacement en bord de rivière, propriétaire agréable et soucieux du bien être."
Airbnb,Sophie,,Luxembourg,10,2025-01-21,Idéal pour un week-end en amoureux.
Airbnb,Paul,,Suisse,10,2025-01-16,Accueil chaleureux et emplacement idyllique.
Airbnb,Marie,,Belgique,10,2025-01-11,"On a adoré, tout est pensé pour le confort."
Airbnb,Lucas,,Allemagne,10,2025-01-06,Cadre magnifique et logement très propre.
Airbnb,Anna,,France,10,2025-01-01,"Un séjour parfait, très calme et reposant."
